[
  {
    "id": "ushiku",
    "name": "牛久店",
    "region": "茨城",
    "url": "https://kappaseitai.com"
  },
  {
    "id": "tsuchiura",
    "name": "土浦店",
    "region": "茨城",
    "url": "https://tsuchiura.kappaseitai.com"
  },
  {
    "id": "moriya",
    "name": "守谷店",
    "region": "茨城",
    "url": "https://moriya.kappaseitai.com"
  },
  {
    "id": "hitachinaka",
    "name": "ひたちなか店",
    "region": "茨城",
    "url": "https://hitachinaka.kappaseitai.com"
  },
  {
    "id": "hitachi",
    "name": "日立店",
    "region": "茨城",
    "url": "https://hitachi.kappaseitai.com"
  },
  {
    "id": "tsukuba",
    "name": "つくば桜店",
    "region": "茨城",
    "url": "https://tsukuba.kappaseitai.com"
  },
  {
    "id": "koga",
    "name": "古河店",
    "region": "茨城",
    "url": "https://koga.kappaseitai.com"
  },
  {
    "id": "mito",
    "name": "水戸店",
    "region": "茨城",
    "url": "https://mito.kappaseitai.com"
  },
  {
    "id": "asahikawa",
    "name": "旭川店",
    "region": "北海道",
    "url": "https://asahikawa.kappaseitai.com"
  },
  {
    "id": "sapporonishioka",
    "name": "札幌西岡店",
    "region": "北海道",
    "url": "https://sapporonishioka.kappaseitai.com"
  },
  {
    "id": "higashikuyakusyo",
    "name": "東区役所前店",
    "region": "北海道",
    "url": "https://higashikuyakusyo.kappaseitai.com"
  },
  {
    "id": "obihiro",
    "name": "帯広店",
    "region": "北海道",
    "url": "https://obihiro.kappaseitai.com"
  },
  {
    "id": "morioka",
    "name": "盛岡店",
    "region": "岩手",
    "url": "https://morioka.kappaseitai.com"
  },
  {
    "id": "sendai",
    "name": "仙台六丁の目店",
    "region": "宮城",
    "url": "https://sendai.kappaseitai.com"
  },
  {
    "id": "tomiya",
    "name": "富谷店",
    "region": "宮城",
    "url": "https://tomiya.kappaseitai.com"
  },
  {
    "id": "dainohara",
    "name": "台原店",
    "region": "宮城",
    "url": "https://dainohara.kappaseitai.com"
  },
  {
    "id": "koriyama",
    "name": "郡山店",
    "region": "福島",
    "url": "https://koriyama.kappaseitai.com"
  },
  {
    "id": "iwaki",
    "name": "いわき店",
    "region": "福島",
    "url": "https://iwaki.kappaseitai.com"
  },
  {
    "id": "fukushima",
    "name": "福島店",
    "region": "福島",
    "url": "https://fukushima.kappaseitai.com"
  },
  {
    "id": "tochigi",
    "name": "栃木店",
    "region": "栃木",
    "url": "https://tochigi.kappaseitai.com"
  },
  {
    "id": "utsunomiya",
    "name": "宇都宮店",
    "region": "栃木",
    "url": "https://utsunomiya.kappaseitai.com"
  },
  {
    "id": "oyama",
    "name": "小山店",
    "region": "栃木",
    "url": "https://oyama.kappaseitai.com"
  },
  {
    "id": "ichikawa",
    "name": "市川店",
    "region": "千葉",
    "url": "https://ichikawa.kappaseitai.com"
  },
  {
    "id": "inzai",
    "name": "印西店",
    "region": "千葉",
    "url": "https://inzai.kappaseitai.com"
  },
  {
    "id": "kisarazu",
    "name": "木更津店",
    "region": "千葉",
    "url": "https://kisarazu.kappaseitai.com"
  },
  {
    "id": "matsudomabashi",
    "name": "松戸馬橋店",
    "region": "千葉",
    "url": "https://matsudomabashi.kappaseitai.com"
  },
  {
    "id": "kumagaya",
    "name": "熊谷店",
    "region": "埼玉",
    "url": "https://kumagaya.kappaseitai.com"
  },
  {
    "id": "azabu10ban",
    "name": "PT麻布十番駅前整骨院",
    "region": "東京",
    "url": "https://azabu10ban.kappaseitai.com"
  },
  {
    "id": "nippori",
    "name": "日暮里駅前店",
    "region": "東京",
    "url": "https://nippori.kappaseitai.com"
  },
  {
    "id": "ikuta",
    "name": "川崎生田店",
    "region": "神奈川",
    "url": "https://ikuta.kappaseitai.com"
  },
  {
    "id": "odawara",
    "name": "小田原店",
    "region": "神奈川",
    "url": "https://odawara.kappaseitai.jp"
  },
  {
    "id": "matsumoto",
    "name": "松本店",
    "region": "長野",
    "url": "https://matsumoto.kappaseitai.com"
  },
  {
    "id": "nagano",
    "name": "長野店",
    "region": "長野",
    "url": "https://nagano.kappaseitai.com"
  },
  {
    "id": "takaoka",
    "name": "富山高岡店",
    "region": "富山",
    "url": "https://takaoka.kappaseitai.com"
  },
  {
    "id": "toyama",
    "name": "富山店",
    "region": "富山",
    "url": "https://toyama.kappaseitai.jp"
  },
  {
    "id": "nonoichi",
    "name": "石川野々市店",
    "region": "石川",
    "url": "https://nonoichi.kappaseitai.com"
  },
  {
    "id": "kanazawa",
    "name": "金沢店",
    "region": "石川",
    "url": "https://kanazawa.kappaseitai.jp"
  },
  {
    "id": "owariasahi",
    "name": "尾張旭店",
    "region": "愛知",
    "url": "https://owariasahi.kappaseitai.com"
  },
  {
    "id": "toyohashi",
    "name": "豊橋店",
    "region": "愛知",
    "url": "https://toyohashi.kappaseitai.jp"
  },
  {
    "id": "kusatsu",
    "name": "草津店",
    "region": "滋賀",
    "url": "https://kusatsu.kappaseitai.com"
  },
  {
    "id": "osakafukushima",
    "name": "ふくしま駅前店",
    "region": "大阪",
    "url": "https://osakafukushima.kappaseitai.com"
  },
  {
    "id": "tenjinbashi",
    "name": "天神橋店",
    "region": "大阪",
    "url": "https://tenjinbashi.kappa-seitai.jp"
  },
  {
    "id": "nishiakashi",
    "name": "西明石店",
    "region": "兵庫",
    "url": "https://nishiakashi.kappaseitai.com"
  },
  {
    "id": "naraoji",
    "name": "奈良王寺店",
    "region": "奈良",
    "url": "https://naraoji.kappaseitai.com"
  },
  {
    "id": "hiroshima",
    "name": "広島光町店",
    "region": "広島",
    "url": "https://hiroshima.kappaseitai.com"
  },
  {
    "id": "hiroshimaminami",
    "name": "ゆめタウンみゆき店",
    "region": "広島",
    "url": "https://hiroshimaminami.kappaseitai.com"
  },
  {
    "id": "kure",
    "name": "呉駅前店",
    "region": "広島",
    "url": "https://kure.kappaseitai.com"
  },
  {
    "id": "hiroshimagion",
    "name": "広島祇園店",
    "region": "広島",
    "url": "https://hiroshimagion.kappaseitai.com"
  },
  {
    "id": "hatsukaichi",
    "name": "ゆめタウン廿日市店",
    "region": "広島",
    "url": "https://hatsukaichi.kappaseitai.com"
  },
  {
    "id": "otemon",
    "name": "福岡大手門店",
    "region": "福岡",
    "url": "https://otemon.kappaseitai.com"
  },
  {
    "id": "kitakyushu",
    "name": "北九州店",
    "region": "福岡",
    "url": "https://kitakyushu.kappaseitai.com"
  },
  {
    "id": "kurume",
    "name": "久留米店",
    "region": "福岡",
    "url": "https://kurume.kappaseitai.com"
  },
  {
    "id": "nagamine",
    "name": "長嶺店",
    "region": "熊本",
    "url": "https://nagamine.kappaseitai.com"
  },
  {
    "id": "kumamotoshimasaki",
    "name": "熊本島崎店",
    "region": "熊本",
    "url": "https://kumamotoshimasaki.kappaseitai.com"
  },
  {
    "id": "miyazaki",
    "name": "宮崎店",
    "region": "宮崎",
    "url": "https://miyazaki.kappaseitai.jp"
  },
  {
    "id": "kagoshima",
    "name": "鹿児島店",
    "region": "鹿児島",
    "url": "https://kagoshima.kappaseitai.com"
  },
  {
    "id": "naha",
    "name": "那覇店",
    "region": "沖縄",
    "url": "https://naha.kappaseitai.com"
  }
]
